{
    "theta0": 8008.3186216834365,
    "theta1": -4656.271506734968,
    "km_min": 22899.0,
    "km_max": 240000.0
}